City,Cloudiness,Country,Date,Humidity,Lat,Lng,Max Temp,Wind Speed
bredasdorp,75,ZA,1567687732,63,-34.53,20.04,63,23.04
barrow,79,AR,1567687732,74,-38.31,-60.23,37.16,6.53
vaini,75,IN,1567687732,88,15.34,74.49,73.4,13.87
leningradskiy,92,RU,1567687732,92,69.38,178.42,39.5,3.22
mataura,100,NZ,1567687732,93,-46.19,168.86,46.99,3.87
chokurdakh,52,RU,1567687733,94,70.62,147.9,34.64,9.89
beringovskiy,100,RU,1567687733,92,63.05,179.32,44.18,1.25
tolaga bay,89,NZ,1567687733,98,-38.37,178.3,48.32,3.67
wajir,75,KE,1567687733,34,1.75,40.07,93.2,12.75
egvekinot,68,RU,1567687733,94,66.32,-179.17,37.52,6.6
albany,20,US,1567687524,82,42.65,-73.75,60.01,4.7
punta arenas,20,CL,1567687734,92,-53.16,-70.91,30.2,5.82
yar-sale,11,RU,1567687602,62,66.83,70.83,59.48,16.67
cherskiy,0,RU,1567687734,63,68.75,161.3,42.2,8.7
waipawa,100,NZ,1567687734,95,-39.94,176.59,48,1.01
hobart,20,AU,1567687488,93,-42.88,147.33,44.01,2.51
bluff,0,AU,1567687734,20,-23.58,149.07,67.04,7.43
ushuaia,0,AR,1567687734,69,-54.81,-68.31,35.6,9.17
tuatapere,4,NZ,1567687735,93,-46.13,167.69,46.99,11.39
bowen,0,AU,1567687735,66,-20.01,148.25,60.01,3.36
bereznik,37,RU,1567687735,53,62.86,42.71,67.04,1.48
kaitangata,100,NZ,1567687775,72,-46.28,169.85,46.99,8.99
fortuna,90,US,1567687775,93,40.6,-124.16,59,8.39
butaritari,73,KI,1567687775,73,3.07,172.79,84.68,8.95
usinsk,0,RU,1567687775,56,66.0,57.56,67.4,15.5
qaanaaq,67,GL,1567687776,50,77.48,-69.36,29.24,8.32
norman wells,75,CA,1567687776,100,65.28,-126.83,46.4,2.24
aksarka,46,RU,1567687776,67,66.56,67.8,60.2,13.56
khandyga,53,RU,1567687776,74,62.65,135.58,41.48,4.5
japura,18,ID,1567687776,64,-0.42,102.29,81.62,1.9
arraial do cabo,75,BR,1567687776,100,-22.97,-42.02,68,6.93
khatanga,100,RU,1567687777,95,71.98,102.47,48.14,16.42
noumea,75,NC,1567687540,82,-22.28,166.46,73,2.24
tuktoyaktuk,34,CA,1567687777,85,69.44,-133.03,45.44,4.47
busselton,0,AU,1567687669,57,-33.64,115.35,46,10.27
oranjemund,0,ZA,1567687777,87,-28.55,16.43,55.88,14.9
cape town,0,ZA,1567687568,37,-33.93,18.42,72,10.29
provideniya,31,RU,1567687777,93,64.42,-173.23,42.2,2.91
kapaa,40,US,1567687777,74,22.08,-159.32,82.4,13.87
longyearbyen,0,NO,1567687778,69,78.22,15.63,35.6,3.36
port augusta,75,AU,1567687818,50,-32.49,137.76,57.2,18.34
garmsar,0,IR,1567687818,18,35.22,52.34,83.96,8.93
axim,90,GH,1567687818,85,4.87,-2.24,78.38,11.68
new norfolk,20,AU,1567687818,93,-42.78,147.06,44.01,2.51
avera,1,US,1567687818,78,33.19,-82.53,78.8,10.29
dunedin,100,NZ,1567687818,76,-45.87,170.5,48.99,18.01
ahipara,100,NZ,1567687819,100,-35.17,173.16,52,35.72
kununurra,28,AU,1567687819,53,-15.77,128.74,77,6.93
port elizabeth,40,US,1567687819,78,39.31,-74.98,73,14.99
carberry,75,CA,1567687819,87,49.87,-99.36,57.2,13.87
hulan,0,IR,1567687819,4,34.23,47.18,95,13.87
ngawen,23,ID,1567687820,64,-7.02,111.3,76.76,1.77
rawson,96,AR,1567687820,71,-43.3,-65.11,35.72,12.95
dikson,100,RU,1567687820,99,73.51,80.55,42.92,9.1
vestmannaeyjar,90,IS,1567687820,100,63.44,-20.27,50,23.04
westport,1,US,1567687717,77,41.14,-73.36,66.99,9.17
road town,75,VG,1567687680,70,18.42,-64.62,86,8.05
georgetown,20,GY,1567687820,74,6.8,-58.16,84.2,13.87
tasiilaq,75,GL,1567687820,75,65.61,-37.64,44.6,4.7
svetlaya,80,RU,1567687821,73,46.54,138.33,63.44,5.97
devarkonda,99,IN,1567687861,79,16.69,78.91,78.92,16.53
ca mau,51,VN,1567687861,85,9.18,105.15,79.64,4.83
praia da vitoria,75,PT,1567687861,94,38.73,-27.07,68,23.85
thompson,75,CA,1567687769,92,55.74,-97.86,26.6,3.36
skelleftea,75,SE,1567687690,93,64.75,20.95,60.01,14.99
port-cartier,20,CA,1567687861,71,50.03,-66.88,54,16.11
mar del plata,0,AR,1567687862,63,-46.43,-67.52,32.3,8.25
chimore,77,BO,1567687862,59,-16.98,-65.13,72.44,1.68
san buenaventura,100,MX,1567687862,95,27.06,-101.55,72,4.0
port lincoln,16,AU,1567687863,70,-34.72,135.86,55.16,34.99
pevek,43,RU,1567687863,79,69.7,170.27,42.74,9.66
upernavik,100,GL,1567687863,86,72.79,-56.15,41.66,12.66
madera,0,US,1567687863,53,36.96,-120.06,79,4.7
marystown,97,CA,1567687864,95,47.17,-55.16,63.98,14.43
airai,35,TL,1567687864,84,-8.93,125.41,68.3,2.59
hilo,1,US,1567687864,83,19.71,-155.08,75.2,4.7
nantucket,1,US,1567687864,67,41.28,-70.1,66.99,6.93
cidreira,76,BR,1567687865,57,-30.17,-50.22,53.54,7.07
ponta do sol,37,BR,1567687865,51,-20.63,-46.0,75.68,6.64
kushiro,89,JP,1567687865,96,43.11,144.15,58.4,0.89
scarborough,48,GB,1567687718,48,54.28,-0.41,63,11.41
saskylakh,100,RU,1567687905,64,71.97,114.09,38.24,11.92
avarua,100,CK,1567687845,64,-21.21,-159.78,73.4,13.87
carroll,0,AU,1567687905,26,-30.99,150.44,55.4,5.82
sioux lookout,90,CA,1567687905,93,50.1,-91.92,55.4,2.1
tiksi,99,RU,1567687906,84,71.64,128.87,42.02,8.28
isangel,20,VU,1567687906,68,-19.55,169.27,71.6,9.17
rikitea,0,PF,1567687906,81,-23.12,-134.97,73.34,15.1
port alfred,97,ZA,1567687906,67,-33.59,26.89,62.01,4.0
buala,79,SB,1567687906,84,-8.15,159.59,77.84,12.86
vladeni,0,RO,1567687906,37,47.72,26.52,75,3.36
tessalit,48,ML,1567687906,10,20.2,1.01,107.72,10.58
kysyl-syr,71,RU,1567687907,93,63.9,122.77,42.56,3.56
hermanus,13,ZA,1567687907,73,-34.42,19.24,72,13.0
lagoa,0,PT,1567687907,45,37.14,-8.45,87.01,8.05
nanakuli,40,US,1567687907,83,21.39,-158.15,82.99,4.7
nagato,75,JP,1567687907,83,34.35,131.14,82.4,13.87
salinopolis,11,BR,1567687907,75,-0.61,-47.36,80.9,16.84
ewo,83,CG,1567687907,47,-0.88,14.81,87.92,4.27
atuona,8,PF,1567687907,76,-9.8,-139.03,78.38,12.21
hualmay,100,PE,1567687908,90,-11.1,-77.61,60.38,11.21
portland,20,US,1567687710,58,43.66,-70.25,62.01,4.7
kerema,100,PG,1567687948,77,-7.96,145.78,76.04,8.59
heishan,100,CN,1567687948,97,41.69,122.12,65.78,1.92
veraval,90,FR,1567687948,59,49.65,0.71,64.99,14.32
bethel,90,US,1567687948,93,60.79,-161.76,51.8,9.17
mount gambier,75,AU,1567687949,93,-37.83,140.78,46.4,6.93
yellowknife,90,CA,1567687949,100,62.45,-114.38,46.4,5.82
cayenne,20,GF,1567687949,78,4.94,-52.33,82.4,8.05
turzovka,0,SK,1567687949,50,49.41,18.63,78.01,10.29
narsaq,75,GL,1567687949,70,60.91,-46.05,42.8,3.36
tigil,100,RU,1567687949,93,57.8,158.67,49.94,9.1
saldanha,0,PT,1567687949,32,41.42,-6.55,74.78,14.09
sao filipe,40,CV,1567687950,84,14.9,-24.5,79.28,13.51
pramanta,40,GR,1567687950,28,39.52,21.1,88,8.05
faya,75,SA,1567687646,9,18.39,42.45,93.2,18.34
vardo,1,US,1567687950,77,39.62,-77.74,68,6.93
los llanos de aridane,75,ES,1567687950,69,28.66,-17.92,77,12.75
grindavik,75,IS,1567687950,100,63.84,-22.43,51.8,10.29
puerto ayora,75,EC,1567687950,88,-0.74,-90.35,68,11.41
prince george,75,CA,1567687950,93,53.92,-122.75,48.99,1.14
vao,98,EE,1567687951,54,59.1,26.19,68.66,13.31
kodiak,1,US,1567687951,88,39.95,-94.76,66,3.36
nouadhibou,66,MR,1567687951,36,20.93,-17.03,95,11.41
cabo san lucas,5,MX,1567687902,54,22.89,-109.91,81,14.99
vanimo,100,PG,1567687951,70,-2.67,141.3,78.92,5.55
itoman,75,JP,1567687991,88,26.12,127.67,78.8,25.28
poum,40,MK,1567687991,41,41.28,20.71,75.2,3.36
victoria,75,BN,1567687738,79,5.28,115.24,84.2,7.65
belmonte,9,PT,1567687992,36,40.36,-7.35,90,8.99
alyangula,2,AU,1567687992,82,-13.85,136.42,66.2,11.45
jamestown,0,AU,1567687992,85,-33.21,138.6,45.44,9.6
olinda,40,AU,1567687992,76,-37.84,145.39,57,1.12
jobat,92,IN,1567687992,81,22.42,74.57,84.14,8.79
hobyo,40,SO,1567687605,51,5.35,48.53,86.84,31.41
san patricio,100,PY,1567687992,63,-26.98,-56.83,50.66,9.69
katsuura,40,JP,1567687992,83,33.93,134.5,78.8,18.34
yumen,22,CN,1567687993,15,40.29,97.04,83.42,6.62
tarabuco,40,BO,1567687993,93,-19.18,-64.92,48.2,6.93
malartic,90,CA,1567687993,87,48.14,-78.13,48.99,5.82
chuy,42,UY,1567687993,66,-33.69,-53.46,46.16,8.39
abu dhabi,0,AE,1567687429,53,24.47,54.37,100.4,10.29
hami,51,CN,1567687994,17,42.84,93.51,86.48,15.61
elizabeth city,40,US,1567687994,83,36.3,-76.22,81,4.7
carnarvon,78,ZA,1567687803,22,-30.97,22.13,68.3,15.05
saint-philippe,1,CA,1567687994,87,45.36,-73.48,59,5.95
laishevo,0,RU,1567687994,37,55.4,49.55,68,6.71
hasaki,75,JP,1567687994,94,35.73,140.83,75.2,3.36
liwale,42,TZ,1567687994,22,-9.8,37.92,91.88,3.98
puerto baquerizo moreno,90,EC,1567687995,88,-0.9,-89.6,68,12.75
nea ankhialos,20,GR,1567688035,45,39.28,22.82,87.01,13.87
oruro,40,BO,1567688035,86,-17.97,-67.11,41,4.74
lebu,75,ET,1567688035,77,8.96,38.73,62.6,11.41
bethanien,0,NA,1567688035,17,-26.5,17.16,78.56,9.35
kolondieba,99,ML,1567688035,73,11.09,-6.89,82.52,7.81
jaltenango,65,MX,1567688035,95,15.87,-92.72,64.34,1.32
ribeira grande,40,PT,1567688036,61,38.52,-28.7,77,11.41
severo-kurilsk,100,RU,1567688036,90,50.68,156.12,50.12,12.03
port angeles,1,US,1567688036,93,48.12,-123.43,59,5.82
laizhou,0,CN,1567687793,74,37.18,119.93,77.48,15.14
souillac,0,FR,1567688036,37,45.6,-0.6,71.6,8.05
klaksvik,75,FO,1567688036,93,62.23,-6.59,48.2,9.17
rio gallegos,0,AR,1567688036,86,-51.62,-69.22,30.2,1.12
maceio,75,BR,1567688037,88,-9.67,-35.74,77,5.32
centenario do sul,85,BR,1567688037,70,-22.82,-51.6,69.38,12.75
bani,37,YE,1567688037,78,16.02,42.93,87.92,13.91
esperance,70,AU,1567688037,70,-33.86,121.89,44.6,3.36
springbok,0,ZA,1567688037,14,-29.67,17.88,86.3,5.12
labuhan,2,ID,1567688037,65,-2.54,115.51,77.84,2.15
birjand,0,IR,1567688037,5,32.86,59.22,93.2,9.17
acajutla,100,SV,1567688038,72,13.59,-89.83,82.16,4.72
montepuez,78,MZ,1567688038,15,-13.13,39.0,95.12,5.88
faanui,36,PF,1567688078,83,-16.48,-151.75,77.12,23.62
borogontsy,36,RU,1567688078,95,62.67,131.17,42.38,3.58
huaraz,9,PE,1567688078,51,-9.53,-77.53,62.54,2.77
moron,68,HT,1567688079,79,18.56,-74.26,81.08,2.55
prince rupert,90,CA,1567687603,100,54.32,-130.32,50,2.24
karpogory,42,RU,1567688079,54,64.0,44.44,64.16,3.69
birur,100,IN,1567688079,93,13.62,75.97,70.1,9.78
amambai,86,BR,1567688079,65,-23.11,-55.23,64.52,9.89
belgaum,75,IN,1567688079,88,15.87,74.5,71.6,13.87
liku,28,ID,1567688079,78,-0.73,119.89,82.52,9.15
cockburn town,10,TC,1567688080,78,21.46,-71.14,82.88,16.31
bodden town,20,KY,1567688080,84,19.28,-81.25,86,4.7
nanortalik,66,GL,1567688080,82,60.14,-45.24,42.38,1.07
bambous virieux,40,MU,1567688080,65,-20.34,57.76,77,10.29
ancud,0,CL,1567688080,74,-41.87,-73.83,32,4.7
mogadishu,75,SO,1567688080,66,2.04,45.34,84.2,19.46
ambon,0,FR,1567688080,51,47.55,-2.56,64.99,11.41
vila velha,40,BR,1567688081,61,-3.71,-38.6,82.4,17.22
bafia,94,CM,1567688081,56,4.74,11.22,83.42,4.54
auki,85,NG,1567688081,60,12.18,6.51,87.02,9.44
domna,99,RU,1567688081,87,51.9,113.16,55.4,6.71
puerto leguizamo,55,CO,1567688081,97,-0.19,-74.78,71.72,1.03
bagdarin,89,RU,1567688081,89,54.44,113.59,51.92,4.18
piacabucu,10,BR,1567688082,65,-10.41,-36.43,79.46,5.82
villarrica,75,CL,1567688122,87,-39.28,-72.23,48.2,5.82
saint-joseph,20,FR,1567688122,61,43.56,6.97,89.01,8.05
gat,75,SN,1567688122,79,14.69,-16.54,84.2,12.75
aripuana,100,BR,1567688014,52,-9.17,-60.63,85.22,1.03
tateyama,40,JP,1567688122,88,36.66,137.31,77,2.24
carmen,90,PH,1567688122,83,7.36,125.71,82.4,2.24
lorengau,95,PG,1567688122,84,-2.02,147.27,77.84,2.77
arman,96,RU,1567688123,98,59.7,150.17,48.14,2.55
lichuan,15,CN,1567688123,83,30.3,108.94,69.92,2.8
kitaibaraki,100,JP,1567688123,69,36.84,140.74,75.99,3.04
morwell,75,AU,1567688123,96,-38.24,146.4,50,1.59
namatanai,100,PG,1567688123,86,-3.66,152.44,77.12,17.07
codrington,90,AU,1567688123,77,-28.95,153.24,64.4,2.24
san cristobal,80,HN,1567688123,98,14.68,-86.92,64.16,3.02
kavieng,100,PG,1567688124,80,-2.57,150.8,80.36,10.71
touros,75,BR,1567688053,78,-5.2,-35.46,80.6,11.41
tikamgarh,74,IN,1567688124,75,24.74,78.83,85.94,8.68
ialibu,100,PG,1567688124,99,-6.28,143.99,63.08,1.48
quatre cocos,40,MU,1567688124,65,-20.21,57.76,77,10.29
san jose,1,HN,1567688124,100,14.25,-87.96,68,4.7
santiago del estero,85,AR,1567688124,42,-27.8,-64.26,49.58,2.19
arraias,0,BR,1567688124,33,-12.93,-46.94,82.52,6.87
xingyi,78,CN,1567688165,93,24.19,102.82,62.18,2.84
torbay,75,CA,1567688165,88,47.66,-52.73,70,16.11
kurumkan,100,RU,1567687647,95,54.33,110.32,48.86,2.75
lompoc,90,US,1567687648,93,34.64,-120.46,61,10.49
geraldton,90,CA,1567688165,93,49.72,-86.95,51.8,5.82
hithadhoo,86,MV,1567688165,78,-0.6,73.08,83.6,14.88
ahuimanu,40,US,1567688165,83,21.44,-157.84,82.99,4.7
ucluelet,0,CA,1567687690,97,48.94,-125.55,55.99,2.59
warri,100,NG,1567688037,78,5.52,5.75,81.08,12.3
praya,40,ID,1567688166,83,-8.71,116.27,75.2,6.93
panama city,1,US,1567688166,74,30.16,-85.65,81,9.17
coihaique,75,CL,1567688166,58,-45.58,-72.07,30.2,4.7
kaohsiung,75,TW,1567688030,88,22.62,120.31,82.4,3.36
shenjiamen,34,CN,1567688166,87,29.96,122.3,79.82,12.37
bibbiena,0,IT,1567688166,18,43.7,11.82,89.01,6.93
swan river,84,CA,1567688166,99,52.11,-101.27,48.86,3.18
esil,100,KZ,1567688166,81,51.96,66.41,49.76,22.19
marquette,5,US,1567688112,87,46.54,-87.4,57,4.41
haines junction,19,CA,1567688167,87,60.75,-137.51,34.46,1.36
batemans bay,94,AU,1567687689,69,-35.71,150.18,57.99,1.99
castro,0,CL,1567688167,78,-42.48,-73.76,32,4.7
mhasla,100,IN,1567688167,87,18.13,73.11,79.1,24.23
port-gentil,40,GA,1567688167,70,-0.72,8.78,84.2,14.99
mehamn,0,NO,1567688207,62,71.03,27.85,55.4,5.82
talnakh,75,RU,1567688207,93,69.49,88.39,51.8,13.42
osorno,100,CL,1567688208,71,-40.57,-73.14,35.18,2.68
samus,0,RU,1567688208,62,56.74,84.7,59,2.24
abilene,1,US,1567688208,64,32.45,-99.73,75,7.34
quimper,75,FR,1567688208,48,48.0,-4.1,64.99,12.75
saint george,20,GR,1567688208,45,39.45,22.34,87.01,13.87
iqaluit,75,CA,1567688208,81,63.75,-68.52,42.8,3.36
yuksekova,20,TR,1567688108,19,37.57,44.29,82.4,13.87
svetlogorsk,90,RU,1567688209,54,53.14,59.15,57.2,11.18
christchurch,100,NZ,1567688176,87,-43.53,172.64,48.2,14.99
conakry,41,GN,1567688209,87,9.52,-13.7,79.28,12.08
huangmei,45,CN,1567688209,80,30.1,115.95,76.58,3.83
luanda,75,AO,1567688209,61,-8.83,13.24,80.6,5.82
camacari,75,BR,1567688209,78,-12.7,-38.32,80.6,8.05
rocha,6,UY,1567688209,70,-34.48,-54.34,42.56,5.21
iracoubo,59,GF,1567688210,72,5.48,-53.21,81.62,7.29
wakkanai,69,JP,1567688210,84,45.41,141.67,69.74,19.13
mandalgovi,52,MN,1567688210,37,45.76,106.27,69.2,7.29
ternate,40,PH,1567688210,74,14.29,120.72,84.2,12.75
manta,85,RO,1567688210,47,45.1,24.1,74.06,1.16
sao joao da barra,90,BR,1567687691,78,-21.64,-41.05,75.2,5.82
viedma,100,AR,1567688250,61,-40.81,-62.99,40.4,8.72
belyy yar,0,RU,1567688250,87,53.6,91.39,53.6,4.47
lae,34,PG,1567688251,91,-6.72,146.98,70.46,1.66
wadena,61,CA,1567688251,97,51.95,-103.8,52.64,5.28
toora-khem,100,RU,1567688251,57,52.47,96.11,48.68,3.29
sitka,3,US,1567688251,66,37.17,-99.65,69.01,10.0
kruisfontein,94,ZA,1567688251,72,-34.0,24.73,55.16,11.83
ilulissat,40,GL,1567688251,52,69.22,-51.1,44.6,9.17
aykhal,90,RU,1567688252,93,65.95,111.51,41,4.47
tautira,20,PF,1567688252,78,-17.73,-149.15,75.2,3.36
hargeysa,6,SO,1567688253,39,9.56,44.06,85.22,19.8
torrevieja,20,ES,1567688252,58,37.98,-0.68,82.99,9.17
goure,39,NE,1567688253,27,13.98,10.27,99.98,7.85
danilovka,0,RU,1567688253,34,50.35,44.12,70.28,6.96
eugene,1,US,1567688196,77,44.05,-123.1,62.01,4.7
salalah,75,OM,1567688253,83,17.01,54.1,82.4,13.87
tsumeb,0,NA,1567688253,7,-19.25,17.72,93.2,8.05
mago,98,RU,1567688253,95,53.27,140.15,52.82,2.53
merauke,0,ID,1567688254,80,-8.49,140.4,75.86,23.17
hofn,90,IS,1567688254,81,64.25,-15.21,48.2,6.93
san francisco,20,CO,1567688100,52,1.17,-76.88,68,12.75
xining,18,CN,1567688254,65,36.62,101.77,55.7,6.35
kirakira,90,SB,1567688294,79,-10.46,161.92,73.52,15.08
high level,1,CA,1567688294,100,58.52,-117.13,48.2,6.93
moose factory,1,CA,1567688294,100,51.26,-80.61,37.4,6.93
nouakchott,20,MR,1567688294,59,18.08,-15.98,91.4,11.41
alihe,100,CN,1567688295,98,50.57,123.73,58.22,2.53
damara,75,CF,1567688295,58,4.96,18.7,86,4.7
zabid,58,YE,1567688295,59,14.2,44.5,78.74,6.87
luderitz,0,NA,1567688125,38,-26.65,15.16,77,18.34
isla mujeres,75,MX,1567688295,100,21.23,-86.73,75.2,2.77
nyurba,89,RU,1567688295,97,63.29,118.35,46.34,3.98
qaqortoq,75,GL,1567688116,70,60.72,-46.03,42.8,3.36
half moon bay,90,US,1567688295,100,37.46,-122.43,63,8.05
san rafael del sur,20,NI,1567688296,88,11.85,-86.44,73.4,6.93
caravelas,18,BR,1567688296,71,-17.73,-39.27,76.22,1.97
ciudad bolivar,47,VE,1567688296,82,8.12,-63.55,80,6.93
kupang,20,ID,1567688296,73,-10.16,123.6,75.2,9.17
dongsheng,14,CN,1567688296,67,29.72,112.52,76.94,4.23
hambantota,20,LK,1567688296,94,6.12,81.12,82.4,10.29
coro,96,VE,1567688297,78,11.41,-69.67,82.16,20.07
bulakamba,94,ID,1567688297,84,-6.87,108.95,66.86,6.96
ukwa,100,NG,1567688297,98,5.47,8.01,74.6,2.13
kaeo,100,NZ,1567688337,80,-35.1,173.78,54,10.0
nikolskoye,40,RU,1567688337,49,59.7,30.79,73.99,13.42
oriximina,86,BR,1567688337,76,-1.77,-55.87,81.26,6.51
leshukonskoye,100,RU,1567688337,74,64.9,45.76,59.66,3.18
yulara,0,AU,1567688337,30,-25.24,130.99,71.6,19.46
naze,75,NG,1567688338,83,5.43,7.07,82.4,5.82
betsiamites,1,CA,1567688338,81,48.94,-68.65,51.8,13.87
plerin,40,FR,1567688338,51,48.54,-2.78,63,14.99
roebourne,0,AU,1567688338,48,-20.77,117.15,67.58,11.21
tutoia,40,BR,1567688338,70,-2.76,-42.27,84.2,20.8
otjimbingwe,0,NA,1567688338,7,-22.35,16.13,85.04,9.13
clyde river,90,CA,1567688338,86,70.47,-68.59,39.2,3.36
ampanihy,0,MG,1567688339,48,-24.69,44.75,81.26,12.91
celendin,75,PE,1567688339,54,-6.87,-78.15,59,8.05
gaoual,57,GN,1567688339,72,11.75,-13.2,85.22,5.86
namibe,75,AO,1567688339,68,-15.19,12.15,71.6,17.22
meadow lake,75,CA,1567688339,93,54.13,-108.44,55.4,11.41
ambilobe,23,MG,1567688339,56,-13.19,49.05,83.78,10.27
casay,90,PH,1567688339,79,9.82,123.55,84.2,4.7
wageningen,75,NL,1567688340,67,51.98,5.66,64.99,13.87
igboho,98,NG,1567688340,77,8.84,3.76,81.08,4.63
coruche,0,PT,1567688340,32,38.96,-8.53,98.01,11.41
belaya gora,99,RU,1567688340,72,68.54,146.19,44.54,5.03
gisborne,100,NZ,1567688380,90,-38.66,178.02,54,8.99
morrope,0,PE,1567688380,29,-6.54,-80.02,66.2,8.05
cururupu,19,BR,1567688380,66,-1.82,-44.87,82.16,7.18
antalaha,70,MG,1567688380,59,-14.9,50.28,77.12,4.09
mecca,33,SA,1567688381,19,21.43,39.83,105.02,24.4
chifeng,0,CN,1567688381,53,42.27,118.96,63.26,1.88
ostrovnoy,27,RU,1567688381,64,68.05,39.51,61.64,17.36
wattegama,82,LK,1567688381,72,7.35,80.68,80,7.83
petropavlovsk-kamchatskiy,34,RU,1567688381,93,53.05,158.65,48.2,8.1
orthez,40,FR,1567688381,52,43.49,-0.77,73.99,6.93
zhezkazgan,75,KZ,1567688381,58,47.8,67.71,57.2,20.13
sungaipenuh,74,ID,1567688382,91,-2.08,101.38,75.5,2.57
tshane,33,BW,1567688382,8,-24.02,21.87,92.06,16.73
tabu,0,IQ,1567688382,6,31.52,47.32,117.08,17.43
tsiroanomandidy,44,MG,1567688382,27,-18.77,46.05,83.42,6.49
los angeles,1,US,1567688296,69,34.05,-118.24,77,1.16
alice springs,6,AU,1567688382,13,-23.7,133.88,75.2,9.17
luba,88,PH,1567688383,90,17.32,120.7,76.4,8.39
kavaratti,56,IN,1567688383,82,10.57,72.64,82.7,19.51
saint-francois,90,FR,1567688383,48,46.42,3.91,68,11.41
raipur,40,IN,1567688383,83,21.24,81.63,84.2,8.05
algiers,1,US,1567688383,88,29.94,-90.04,84.2,5.82
longhua,8,CN,1567688383,79,29.21,106.21,76.04,1.97
muana,25,BR,1567688383,74,-1.53,-49.22,81.98,5.84
nome,1,US,1567688424,94,30.04,-94.42,78.01,4.05
itaituba,93,BR,1567688424,79,-4.26,-55.99,84.2,4.43
guerrero negro,0,MX,1567688425,84,27.97,-114.04,71.9,3.02
kingaroy,0,AU,1567688425,27,-26.54,151.84,66.2,2.24
udachnyy,90,RU,1567688425,93,66.42,112.4,41,4.47
huambo,40,AO,1567688425,28,-12.78,15.73,86,5.82
arkhipo-osipovka,63,RU,1567688426,40,44.37,38.53,81.98,7.18
tairua,75,NZ,1567688426,93,-37.02,175.85,57.99,12.66
saint-pierre,75,FR,1567688426,52,48.95,4.24,66.2,12.75
namtsy,75,RU,1567688426,93,62.72,129.66,51.8,2.24
kandrian,62,PG,1567688426,84,-6.21,149.55,71.36,9.84
tokyo,75,JP,1567688344,69,35.68,139.76,82.4,8.05
havelock,75,US,1567688426,78,34.88,-76.9,82.4,13.87
jian,93,IN,1567688427,62,25.65,87.89,90.98,8.75
cabedelo,75,BR,1567688427,83,-6.97,-34.84,78.8,11.41
lufilufi,61,WS,1567688427,80,-13.87,-171.6,80.18,14.16
kedrovyy,0,RU,1567688427,71,56.17,91.82,53.6,2.24
college,1,US,1567688427,100,64.86,-147.8,46.4,4.7
giyon,74,ET,1567688427,66,8.53,37.98,75.5,3.02
porto novo,75,BR,1567688427,88,-23.68,-45.44,62.6,2.24
fairfield,1,US,1567688428,77,38.25,-122.04,64,1.16
brigantine,40,US,1567688468,78,39.41,-74.36,73,14.99
boa vista,0,BR,1567688468,70,2.82,-60.67,84.2,4.7
el tocuyo,75,VE,1567688468,78,9.79,-69.8,75.2,4.7
pangnirtung,40,CA,1567688468,65,66.15,-65.72,44.6,2.75
malinovoye ozero,94,RU,1567688469,29,51.68,79.77,73.16,5.79
yakeshi,17,CN,1567688469,90,49.28,120.73,60.02,6.44
beaupre,20,CA,1567688469,87,47.04,-70.9,55.99,3.36
taltal,43,CL,1567688469,74,-25.41,-70.49,51.74,2.01
umm kaddadah,75,SD,1567688469,40,13.6,26.69,90.98,14.16
paamiut,98,GL,1567688470,71,61.99,-49.67,42.56,10.2
sturgeon bay,1,US,1567688470,93,44.83,-87.38,51.8,3.36
grand-santi,53,GF,1567688470,69,4.27,-54.38,79.64,5.44
beyla,84,GN,1567688471,89,8.69,-8.65,76.04,3.85
atar,40,MR,1567688471,26,20.52,-13.05,96.8,13.87
dzitas,5,MX,1567688471,83,20.85,-88.52,77,6.93
bento goncalves,61,BR,1567688471,80,-29.17,-51.52,53.01,13.0
walvis bay,0,NA,1567688471,55,-22.95,14.51,64.4,11.41
lamu,19,CN,1567688472,60,35.77,102.37,61.82,5.82
byron bay,90,AU,1567688472,77,-28.65,153.62,64.4,3.96
jiayuguan,0,CN,1567688472,16,39.77,98.29,81.26,10.4
vostok,71,RU,1567688472,92,46.45,135.83,61.46,3.78
uruzgan,0,AF,1567688513,6,32.93,66.63,79.64,8.3
ramshir,0,IR,1567688513,22,30.89,49.41,113,21.92
kuito,0,AO,1567688513,62,-12.38,16.94,86,8.03
luau,40,CD,1567688513,13,-10.7,22.23,98,5.12
krasnosilka,0,UA,1567688513,47,50.15,27.08,69.74,3.11
manicore,68,BR,1567688513,78,-5.81,-61.3,80.36,1.03
riyadh,23,SA,1567688284,8,24.63,46.72,111.2,8.05
orlik,0,PL,1567688514,60,53.95,17.74,68,11.41
mayo,40,CA,1567688514,93,63.59,-135.9,35.6,1.21
bilibino,61,RU,1567688514,78,68.06,166.44,33.74,1.97
bitung,20,ID,1567688514,78,1.44,125.19,77,3.36
ust-nera,100,RU,1567688514,87,64.57,143.24,36.62,6.15
hay river,75,CA,1567688515,100,60.82,-115.79,51.8,9.17
donzdorf,40,DE,1567688515,51,48.69,9.81,68,12.75
kailua,1,US,1567688515,69,21.39,-157.74,82.99,8.05
bandarbeyla,82,SO,1567688515,26,9.49,50.81,99.44,24.4
beidao,31,CN,1567688515,76,34.57,105.89,65.06,10.98
abu samrah,0,SY,1567688516,19,35.3,37.18,95.48,8.3
mount isa,0,AU,1567688516,27,-20.73,139.49,62.6,1.12
acapulco,40,MX,1567688384,83,16.86,-99.88,77,5.82
baykit,81,RU,1567688516,81,61.68,96.39,44.54,4.43
benghazi,8,LY,1567688516,59,32.12,20.07,82.7,11.83
naryan-mar,100,RU,1567688516,85,67.67,53.09,53.9,5.53
belle glade,1,US,1567688557,88,26.68,-80.67,84.99,6.93
ajdabiya,2,LY,1567688557,75,30.75,20.22,79.46,14.27
lopandino,41,RU,1567688557,63,52.46,34.82,72.26,4.72
kutum,71,SD,1567688557,15,14.2,24.66,91.52,12.8
srednekolymsk,98,RU,1567688557,43,67.46,153.71,50.12,10.96
iquique,75,CL,1567688558,67,-20.22,-70.14,60.8,4.7
cap malheureux,40,MU,1567688558,65,-19.98,57.61,77,10.29
wajima,7,JP,1567688558,81,37.4,136.9,80,7.56
luancheng,0,CN,1567688558,73,37.88,114.65,73.4,2.24
pontianak,22,ID,1567688559,77,-0.02,109.34,81.98,19.46
strezhevoy,0,RU,1567688559,67,60.73,77.6,60.8,2.24
uhlove,76,UA,1567688559,72,44.82,33.6,70.64,15.82
la rioja,89,AR,1567688559,81,-29.41,-66.86,37.16,4.07
ilheus,40,BR,1567688483,78,-14.79,-39.05,78.8,8.05
bilma,30,NE,1567688559,13,18.69,12.92,105.02,13.2
sohag,0,EG,1567688560,17,26.55,31.7,102.2,12.75
le port,20,FR,1567688560,19,42.87,1.37,75.2,17.22
kholtoson,97,RU,1567688560,95,50.3,103.31,52.1,5.68
bauchi,86,NG,1567688560,40,10.31,9.85,94.4,2.19
bundaberg,50,AU,1567688560,88,-24.87,152.35,66.2,9.17
bratsk,75,RU,1567688600,76,56.15,101.63,51.8,6.71
ancona,90,US,1567688600,100,41.04,-88.87,60.01,2.53
rassvet,0,RU,1567688601,38,49.11,45.47,70.28,7.2
strelka,76,RU,1567688601,93,58.08,93.03,52.28,3.94
tiarei,20,PF,1567688601,78,-17.53,-149.33,75.2,3.36
sindor,46,RU,1567688601,53,62.87,51.9,67.22,4.81
tilichiki,9,RU,1567688601,78,60.47,166.1,41.3,3.04
mutoko,0,ZW,1567688601,10,-17.4,32.23,87.56,5.21
taunggyi,27,MM,1567688601,93,20.78,97.03,70.64,4.16
novaya igirma,24,RU,1567688602,83,57.14,103.93,47.42,4.56
paramonga,94,PE,1567688602,93,-10.68,-77.82,59.12,9.75
mattru,83,SL,1567688602,81,7.62,-11.83,81.98,6.04
tarauaca,94,BR,1567688602,93,-8.16,-70.77,71.54,3.15
tupilati,0,RO,1567688602,29,47.07,26.63,77,2.24
batagay,52,RU,1567688602,92,67.65,134.64,38.42,0.94
carnduff,0,CA,1567688603,98,49.17,-101.8,57,5.99
rundu,0,NA,1567688603,8,-17.91,19.77,95,4.7
kulhudhuffushi,100,MV,1567688603,77,6.62,73.07,83.42,10.42
broome,0,GB,1567688603,44,52.47,1.45,64,13.87
vaitape,36,PF,1567688603,83,-16.52,-151.75,77.12,23.62
gilgit,0,PK,1567688603,25,35.92,74.31,61.82,10.63
sosnogorsk,2,RU,1567688644,52,63.59,53.93,68.12,6.31
luebo,0,CD,1567688644,23,-5.35,21.42,101.42,3.13
grosseto,0,IT,1567688644,37,42.76,11.11,87.01,8.05
adrar,0,DZ,1567688644,20,27.87,-0.29,102.2,5.82
taga,75,ID,1567688644,82,-8.61,120.44,71.54,3.8
pemba,20,MZ,1567688644,74,-12.97,40.52,80.6,12.75
aklavik,90,CA,1567688645,100,68.22,-135.01,41,3.36
enshi,36,CN,1567688645,88,30.29,109.48,65.06,2.37
golden gate,90,US,1567688645,100,38.36,-88.2,64,6.71
otautau,39,NZ,1567688645,93,-46.14,168.0,46.99,3.0
jumla,99,NP,1567688645,88,29.28,82.18,62.9,4.0
kahului,1,US,1567688645,74,20.89,-156.47,80.6,17.22
kosovo polje,20,BA,1567688646,53,43.8,19.29,71.6,3.36
villa union,75,BO,1567688646,94,-10.79,-65.46,73.4,2.66
arlit,21,NE,1567688646,15,18.74,7.39,105.92,8.21
balkhash,100,KZ,1567688646,19,46.84,74.98,74.24,25.5
dingle,100,PH,1567688646,86,11.0,122.67,75.86,5.93
evinayong,97,GQ,1567688646,87,1.44,10.55,76.76,2.8
talcher,100,IN,1567688646,87,20.95,85.21,83.24,4.09
tahoua,0,NE,1567688687,55,14.89,5.26,89.6,13.87
falkenberg,0,DE,1567688687,37,49.86,12.22,70,10.29
east london,75,ZA,1567688452,67,-33.02,27.91,60.8,11.41
ust-kuyga,37,RU,1567688687,90,70.0,135.55,38.06,2.77
noyon,75,FR,1567688687,45,49.58,3.0,64.4,12.75
general roca,90,AR,1567688687,64,-39.03,-67.58,39.2,12.75
muhoroni,59,KE,1567688687,66,-0.16,35.19,74.24,5.37
kirkwall,20,GB,1567688687,76,58.98,-2.96,57.2,13.87
sabang,96,PH,1567688688,77,13.8,121.11,79,1.01
sechura,9,PE,1567688688,91,-5.56,-80.82,60.92,8.23
ponta delgada,40,PT,1567688688,78,37.73,-25.67,73.4,13.87
laguna,40,BZ,1567688688,88,16.17,-88.94,78.8,0.92
yeppoon,0,AU,1567688688,31,-23.13,150.74,64.4,5.82
cruz grande,40,MX,1567688688,83,16.72,-99.13,77,5.82
arouca,0,PT,1567688689,37,40.93,-8.24,86,11.41
mahebourg,40,MU,1567688689,65,-20.41,57.7,77,10.29
deputatskiy,40,RU,1567688689,72,69.3,139.9,36.26,3.4
ulladulla,64,AU,1567688689,100,-35.36,150.48,55,0.89
qasigiannguit,40,GL,1567688689,52,68.82,-51.19,44.6,9.17
alekseyevsk,98,RU,1567688689,94,57.84,108.35,49.4,6.8
malaya vishera,82,RU,1567688690,60,58.85,32.22,68.3,9.71
aden,0,YE,1567688421,29,12.79,45.03,103.94,15.35
quiruvilca,75,PE,1567688690,54,-7.37,-78.8,59,8.05
siocon,100,PH,1567688690,76,11.03,124.04,80.9,3.67
buchanan,75,LR,1567688730,83,5.88,-10.05,82.4,6.93
landerneau,75,FR,1567688730,59,48.45,-4.26,62.6,13.87
nosy varika,6,MG,1567688730,64,-20.58,48.53,75.5,7.99
mahuta,86,TZ,1567688730,31,-10.87,39.42,89,8.37
komsomolskiy,1,RU,1567688731,51,67.55,63.78,65.24,14.63
kologriv,100,RU,1567688731,97,58.83,44.31,52.64,4.27
jambi,12,ID,1567688731,54,-1.6,103.62,80.18,3.04
mitchell,1,US,1567688588,88,43.71,-98.03,62.6,11.41
peniche,0,PT,1567688731,32,39.36,-9.38,91,11.41
kyabe,95,TD,1567688731,86,9.45,18.94,74.24,7.16
itarema,20,BR,1567688731,52,-2.92,-39.92,87.56,12.01
mackenzie,90,CA,1567688732,100,55.34,-123.09,41,0.85
la ronge,90,CA,1567688564,87,55.1,-105.3,53.6,9.17
samana,75,EC,1567688732,100,0.12,-76.97,71.6,3.36
anito,100,PH,1567688732,86,12.45,125.29,77.3,3.96
roald,75,NO,1567688732,71,62.58,6.12,53.6,9.17
santa rosa,100,AR,1567688732,62,-36.62,-64.29,37.88,16.55
astoria,75,US,1567688733,93,46.19,-123.83,59,3.36
yermakovskoye,100,RU,1567688733,75,53.28,92.4,54.62,3.89
fortuna foothills,1,US,1567688506,55,32.66,-114.41,88,13.87
fukue,75,JP,1567688733,88,35.03,136.69,80.01,13.87
allapalli,56,IN,1567688733,89,19.43,80.06,82.7,3.29
hirado,75,JP,1567688733,94,33.32,129.49,82.4,3.36
utete,80,TZ,1567688773,39,-7.99,38.76,90.98,9.51
shingu,48,JP,1567688774,94,33.72,135.99,68.3,6.08
takoradi,89,GH,1567688774,80,4.89,-1.75,81.26,9.22
khasan,100,RU,1567688774,99,42.43,130.64,63.26,2.75
makat,0,KZ,1567688774,27,47.65,53.35,72.44,9.22
tomatlan,94,MX,1567688774,85,19.93,-105.25,76.4,4.56
carutapera,67,BR,1567688774,69,-1.2,-46.02,81.62,9.08
